{
  "joint_mean": [
    0.014232393354177475,
    0.3042551875114441,
    -1.0994189977645874,
    0.9273614883422852,
    -0.010716431774199009,
    -0.0008065059082582593,
    0.3008491098880768,
    -0.6101871728897095,
    0.8303236961364746,
    1.339623212814331,
    8.138376235961914,
    229.97006225585938,
    21.303815841674805
  ],
  "joint_std": [
    0.8164767026901245,
    1.5154324769973755,
    2.7865865230560303,
    0.11591918766498566,
    16.882396697998047,
    19.613506317138672,
    40.837684631347656,
    787.2974853515625,
    750.4530029296875,
    1860.3514404296875,
    47.657936096191406,
    2142.67138671875,
    50.5661506652832
  ],
  "global_mean": [
    14.24045467376709,
    2.0343713760375977,
    14.18327808380127
  ],
  "global_std": [
    33.16493606567383,
    1.9789081811904907,
    43.09489059448242
  ]
}